{
  "palettes": {
    "A_MysticTide": {
      "primary": "#5CE1E6",
      "primary_700": "#0EA5A6",
      "secondary": "#7C3AED",
      "accent": "#22D3EE",
      "neutral_900": "#0B1020",
      "neutral_50": "#F8FAFC",
      "gradient": [
        "#0EA5A6",
        "#7C3AED"
      ]
    },
    "B_ObsidianAurora": {
      "primary": "#00F5D4",
      "primary_700": "#06B6D4",
      "secondary": "#A78BFA",
      "accent": "#FDE047",
      "neutral_900": "#0A0A0B",
      "neutral_50": "#FAFAFA",
      "gradient": [
        "#111827",
        "#00F5D4"
      ]
    },
    "C_RoseQuartz": {
      "primary": "#F472B6",
      "primary_700": "#DB2777",
      "secondary": "#C084FC",
      "accent": "#F59E0B",
      "neutral_900": "#111827",
      "neutral_50": "#FFF7F9",
      "gradient": [
        "#DB2777",
        "#C084FC"
      ]
    },
    "D_LabradoritePrism": {
      "primary": "#38BDF8",
      "primary_700": "#0284C7",
      "secondary": "#34D399",
      "accent": "#A78BFA",
      "neutral_900": "#0B1220",
      "neutral_50": "#F1F5F9",
      "gradient": [
        "#0284C7",
        "#34D399"
      ]
    }
  }
}